IP Address,Port,Code,Country,Anonymity,Google,Https,Last Checked
62.99.178.46,54838,AT,Austria,elite proxy,no,yes,1 minute ago
37.187.149.129,1080,FR,France,elite proxy,no,yes,1 minute ago
190.184.144.170,58975,CO,Colombia,elite proxy,no,yes,1 minute ago
1.20.102.228,59611,TH,Thailand,elite proxy,no,yes,1 minute ago
85.237.56.193,8080,RU,Russian Federation,elite proxy,no,yes,1 minute ago
41.217.217.60,56378,MW,Malawi,elite proxy,no,yes,1 minute ago
78.30.192.84,46993,UA,Ukraine,elite proxy,no,yes,1 minute ago
125.18.107.201,46583,IN,India,elite proxy,no,yes,1 minute ago
1.20.101.149,44778,TH,Thailand,elite proxy,no,yes,1 minute ago
131.196.192.31,30290,PY,Paraguay,elite proxy,no,yes,1 minute ago
178.213.0.207,35140,UA,Ukraine,elite proxy,no,yes,1 minute ago
186.219.210.222,35215,BR,Brazil,elite proxy,no,yes,1 minute ago
202.138.248.123,35594,ID,Indonesia,elite proxy,no,yes,1 minute ago
103.90.200.29,41959,IN,India,elite proxy,no,yes,1 minute ago
213.226.251.140,41968,CZ,Czech Republic,elite proxy,no,yes,1 minute ago
186.224.229.105,53943,BR,Brazil,elite proxy,no,yes,2 minutes ago
149.28.137.37,8080,SG,Singapore,elite proxy,no,yes,2 minutes ago
95.79.36.55,44861,RU,Russian Federation,elite proxy,no,yes,2 minutes ago
85.196.183.162,8080,BG,Bulgaria,elite proxy,no,yes,2 minutes ago
223.30.190.66,8080,IN,India,anonymous,no,yes,2 minutes ago
200.128.62.2,8080,BR,Brazil,elite proxy,no,yes,2 minutes ago
202.85.52.151,80,HK,Hong Kong,anonymous,no,no,2 minutes ago
183.88.197.93,8080,TH,Thailand,anonymous,no,yes,2 minutes ago
37.145.184.104,8080,RU,Russian Federation,elite proxy,no,yes,2 minutes ago
145.239.81.69,3128,PL,Poland,anonymous,no,no,2 minutes ago
88.198.50.103,8080,DE,Germany,anonymous,no,no,2 minutes ago
105.19.49.179,80,ZA,South Africa,anonymous,no,no,2 minutes ago
181.118.155.4,50462,CO,Colombia,anonymous,no,yes,2 minutes ago
105.19.59.199,80,ZA,South Africa,anonymous,no,no,2 minutes ago
150.242.182.98,80,MY,Malaysia,anonymous,no,yes,2 minutes ago
52.221.140.51,8081,SG,Singapore,anonymous,no,no,2 minutes ago
124.41.240.171,35455,NP,Nepal,elite proxy,no,yes,2 minutes ago
187.63.82.55,51769,BR,Brazil,elite proxy,no,no,2 minutes ago
96.87.16.153,41344,US,United States,elite proxy,no,yes,2 minutes ago
82.147.120.38,42128,RU,Russian Federation,elite proxy,no,yes,2 minutes ago
150.109.55.190,83,HK,Hong Kong,anonymous,no,no,2 minutes ago
176.9.195.49,8080,DE,Germany,elite proxy,no,yes,2 minutes ago
103.85.63.66,53281,ID,Indonesia,elite proxy,no,yes,2 minutes ago
159.192.97.80,43278,TH,Thailand,elite proxy,no,yes,2 minutes ago
91.193.253.188,23500,UA,Ukraine,elite proxy,no,yes,2 minutes ago
157.245.73.63,3128,NL,Netherlands,elite proxy,no,yes,2 minutes ago
186.219.255.246,45301,BR,Brazil,elite proxy,no,yes,2 minutes ago
190.158.248.253,37950,CO,Colombia,elite proxy,no,yes,2 minutes ago
185.44.229.227,34930,AM,Armenia,elite proxy,no,yes,2 minutes ago
18.162.210.52,8888,HK,Hong Kong,anonymous,no,no,2 minutes ago
159.138.1.185,80,HK,Hong Kong,anonymous,no,no,2 minutes ago
202.131.234.142,36104,MN,Mongolia,elite proxy,no,no,2 minutes ago
36.89.192.119,44185,ID,Indonesia,elite proxy,no,yes,2 minutes ago
41.217.219.53,41685,MW,Malawi,elite proxy,no,yes,2 minutes ago
45.55.106.89,80,US,United States,anonymous,no,no,2 minutes ago
175.41.45.113,52581,BD,Bangladesh,elite proxy,no,yes,2 minutes ago
179.60.127.35,51019,BO,Bolivia,elite proxy,no,yes,2 minutes ago
103.137.7.182,80,BD,Bangladesh,anonymous,no,yes,2 minutes ago
92.222.180.156,8080,FR,France,anonymous,no,no,2 minutes ago
206.189.230.115,80,US,United States,anonymous,no,no,2 minutes ago
196.0.24.245,80,UG,Uganda,anonymous,no,no,2 minutes ago
194.58.40.35,8888,RU,Russian Federation,anonymous,no,no,2 minutes ago
180.211.111.101,3128,IN,India,anonymous,no,yes,2 minutes ago
170.247.152.132,43747,PA,Panama,elite proxy,no,yes,2 minutes ago
89.218.5.106,37251,KZ,Kazakhstan,elite proxy,no,yes,2 minutes ago
41.193.12.65,38991,ZA,South Africa,elite proxy,no,yes,2 minutes ago
43.228.131.115,48607,MN,Mongolia,elite proxy,no,yes,2 minutes ago
194.58.40.124,8888,RU,Russian Federation,anonymous,no,no,2 minutes ago
45.115.60.7,44096,IN,India,elite proxy,no,yes,2 minutes ago
188.166.119.186,80,NL,Netherlands,anonymous,no,no,2 minutes ago
94.130.20.85,31288,DE,Germany,anonymous,no,yes,2 minutes ago
103.99.177.247,80,BD,Bangladesh,anonymous,no,no,2 minutes ago
87.99.93.100,43944,LV,Latvia,elite proxy,no,yes,2 minutes ago
119.82.252.71,30506,KH,Cambodia,elite proxy,no,yes,2 minutes ago
212.67.65.82,33469,CZ,Czech Republic,elite proxy,no,yes,2 minutes ago
1.20.100.111,30095,TH,Thailand,elite proxy,no,yes,2 minutes ago
151.253.158.18,8080,AE,United Arab Emirates,elite proxy,no,yes,2 minutes ago
114.199.115.244,38509,ID,Indonesia,elite proxy,no,yes,2 minutes ago
114.5.195.226,8080,ID,Indonesia,anonymous,no,yes,2 minutes ago
118.174.65.137,41255,TH,Thailand,elite proxy,no,yes,2 minutes ago
138.255.165.86,40600,BR,Brazil,elite proxy,no,yes,2 minutes ago
110.170.149.19,31253,TH,Thailand,elite proxy,no,yes,2 minutes ago
197.254.108.134,60581,KE,Kenya,elite proxy,no,yes,2 minutes ago
103.112.130.46,53281,BD,Bangladesh,elite proxy,no,yes,2 minutes ago
159.224.44.19,35672,UA,Ukraine,elite proxy,no,yes,2 minutes ago
114.6.87.177,60811,ID,Indonesia,elite proxy,no,yes,2 minutes ago
102.176.160.75,60857,GN,Guinea,elite proxy,no,yes,2 minutes ago
91.215.195.143,35050,RU,Russian Federation,elite proxy,no,yes,2 minutes ago
217.182.120.163,1080,FR,France,elite proxy,no,yes,2 minutes ago
77.48.22.59,42605,CZ,Czech Republic,elite proxy,no,yes,2 minutes ago
103.21.161.202,35101,IN,India,elite proxy,no,yes,2 minutes ago
179.108.169.71,8080,BR,Brazil,elite proxy,no,yes,2 minutes ago
1.2.169.49,44925,TH,Thailand,elite proxy,no,yes,2 minutes ago
91.192.2.168,53281,PL,Poland,elite proxy,no,yes,2 minutes ago
86.57.181.122,45510,BY,Belarus,elite proxy,no,yes,2 minutes ago
185.33.34.76,42293,AL,Albania,elite proxy,no,yes,2 minutes ago
101.255.75.125,34316,ID,Indonesia,elite proxy,no,yes,2 minutes ago
45.230.176.4,36119,BR,Brazil,elite proxy,no,yes,2 minutes ago
139.180.143.37,3128,SG,Singapore,elite proxy,no,yes,2 minutes ago
185.125.204.68,3128,GB,United Kingdom,anonymous,no,yes,5 minutes ago
221.120.163.253,30554,KH,Cambodia,elite proxy,no,yes,5 minutes ago
78.41.174.198,8081,SK,Slovakia,elite proxy,no,yes,5 minutes ago
46.45.129.16,8080,TR,Turkey,anonymous,no,yes,5 minutes ago
187.109.114.61,50704,BR,Brazil,elite proxy,no,yes,5 minutes ago
190.90.63.137,40315,CO,Colombia,elite proxy,no,yes,5 minutes ago
95.168.185.183,8080,DZ,Algeria,anonymous,no,yes,10 minutes ago
181.196.151.82,53693,EC,Ecuador,elite proxy,no,yes,10 minutes ago
181.129.70.82,35402,CO,Colombia,elite proxy,no,yes,10 minutes ago
200.24.240.187,35414,AR,Argentina,elite proxy,no,yes,10 minutes ago
190.12.95.170,59735,PE,Peru,elite proxy,no,yes,10 minutes ago
121.123.29.150,8080,MY,Malaysia,anonymous,no,yes,10 minutes ago
152.204.128.46,31578,CO,Colombia,elite proxy,no,yes,10 minutes ago
209.90.63.108,80,US,United States,anonymous,no,yes,10 minutes ago
187.188.182.107,58921,MX,Mexico,elite proxy,no,yes,10 minutes ago
125.25.80.39,42790,TH,Thailand,elite proxy,no,yes,10 minutes ago
182.74.243.39,3128,IN,India,elite proxy,no,yes,10 minutes ago
95.58.161.180,36256,KZ,Kazakhstan,elite proxy,no,yes,10 minutes ago
1.20.99.89,32963,TH,Thailand,elite proxy,no,yes,10 minutes ago
163.53.182.148,57617,BD,Bangladesh,elite proxy,no,yes,10 minutes ago
123.31.47.59,3128,VN,Vietnam,elite proxy,no,yes,10 minutes ago
45.121.216.229,3128,ID,Indonesia,elite proxy,no,yes,10 minutes ago
118.175.240.205,54552,TH,Thailand,elite proxy,no,yes,10 minutes ago
196.37.158.201,8080,ZA,South Africa,elite proxy,no,yes,10 minutes ago
203.177.133.148,47153,PH,Philippines,elite proxy,no,yes,10 minutes ago
14.225.5.114,3128,VN,Vietnam,elite proxy,no,yes,10 minutes ago
103.65.194.2,35782,IN,India,elite proxy,no,yes,10 minutes ago
114.134.191.194,49694,KH,Cambodia,elite proxy,no,yes,10 minutes ago
117.1.16.131,8080,VN,Vietnam,elite proxy,no,yes,10 minutes ago
36.37.132.225,36393,KH,Cambodia,elite proxy,no,yes,10 minutes ago
175.106.17.62,58475,ID,Indonesia,elite proxy,no,yes,10 minutes ago
110.232.85.168,30846,ID,Indonesia,elite proxy,no,yes,10 minutes ago
176.103.40.198,38318,PL,Poland,elite proxy,no,yes,10 minutes ago
213.109.6.85,45985,RU,Russian Federation,elite proxy,no,yes,10 minutes ago
136.228.128.14,61158,KH,Cambodia,elite proxy,no,yes,10 minutes ago
92.114.234.206,49418,MD,"Moldova, Republic of",elite proxy,no,yes,10 minutes ago
36.89.190.211,35419,ID,Indonesia,elite proxy,no,yes,10 minutes ago
180.244.35.234,80,ID,Indonesia,elite proxy,no,yes,10 minutes ago
181.118.155.38,34406,CO,Colombia,anonymous,no,yes,10 minutes ago
45.71.80.1,35127,BR,Brazil,elite proxy,no,yes,10 minutes ago
103.212.92.225,48210,IN,India,elite proxy,no,yes,10 minutes ago
91.191.250.142,60104,RU,Russian Federation,elite proxy,no,yes,10 minutes ago
217.29.114.40,34740,UZ,Uzbekistan,elite proxy,no,yes,10 minutes ago
159.65.241.180,1402,US,United States,elite proxy,no,yes,10 minutes ago
200.52.114.50,8080,MX,Mexico,elite proxy,no,yes,10 minutes ago
140.227.230.89,60088,JP,Japan,anonymous,no,yes,10 minutes ago
213.154.20.240,39012,AZ,Azerbaijan,elite proxy,no,yes,10 minutes ago
103.15.167.124,32008,BD,Bangladesh,elite proxy,no,yes,10 minutes ago
41.217.219.49,37250,MW,Malawi,elite proxy,no,yes,10 minutes ago
181.118.155.20,57089,CO,Colombia,anonymous,no,yes,10 minutes ago
197.234.179.102,3128,ZA,South Africa,anonymous,no,yes,10 minutes ago
24.37.245.42,36836,CA,Canada,elite proxy,no,yes,10 minutes ago
51.89.4.140,8118,DE,Germany,elite proxy,no,yes,11 minutes ago
91.216.66.70,32306,RU,Russian Federation,elite proxy,no,yes,11 minutes ago
185.251.33.194,39613,TR,Turkey,elite proxy,no,yes,11 minutes ago
201.75.0.39,53281,BR,Brazil,elite proxy,no,yes,11 minutes ago
89.109.8.160,21231,RU,Russian Federation,elite proxy,no,yes,11 minutes ago
177.23.142.50,8080,BR,Brazil,elite proxy,no,yes,11 minutes ago
103.240.160.21,6666,IN,India,anonymous,no,yes,11 minutes ago
62.140.252.72,47766,RU,Russian Federation,elite proxy,no,yes,11 minutes ago
203.188.243.126,50119,BD,Bangladesh,elite proxy,no,yes,11 minutes ago
76.76.76.154,53281,US,United States,elite proxy,no,yes,11 minutes ago
212.73.77.200,59763,AM,Armenia,elite proxy,no,yes,11 minutes ago
177.238.248.98,54419,MX,Mexico,elite proxy,no,yes,11 minutes ago
168.228.192.13,55619,HN,Honduras,elite proxy,no,yes,11 minutes ago
93.152.176.225,54136,BG,Bulgaria,elite proxy,no,yes,11 minutes ago
5.53.16.202,3128,RU,Russian Federation,elite proxy,no,yes,11 minutes ago
124.81.67.226,57997,ID,Indonesia,elite proxy,no,yes,11 minutes ago
50.192.195.69,52018,US,United States,elite proxy,no,yes,11 minutes ago
118.174.220.49,54910,TH,Thailand,elite proxy,no,yes,11 minutes ago
119.82.253.98,58066,KH,Cambodia,elite proxy,no,yes,11 minutes ago
92.247.142.14,53281,BG,Bulgaria,elite proxy,no,yes,11 minutes ago
203.162.21.216,8080,VN,Vietnam,anonymous,no,yes,11 minutes ago
36.89.193.169,48645,ID,Indonesia,elite proxy,no,yes,11 minutes ago
43.252.158.21,56595,ID,Indonesia,elite proxy,no,yes,11 minutes ago
36.89.229.97,38223,ID,Indonesia,elite proxy,no,yes,13 minutes ago
217.182.51.227,1080,FR,France,elite proxy,no,yes,13 minutes ago
101.109.255.246,37210,TH,Thailand,elite proxy,no,yes,13 minutes ago
213.6.227.38,50385,PS,Palestinian Territory,elite proxy,no,yes,13 minutes ago
95.140.27.135,57969,RU,Russian Federation,elite proxy,no,yes,13 minutes ago
151.80.36.115,1080,FR,France,elite proxy,no,yes,13 minutes ago
175.100.5.52,30438,KH,Cambodia,elite proxy,no,yes,13 minutes ago
103.250.166.12,47031,IN,India,elite proxy,no,yes,13 minutes ago
154.117.155.42,34450,ZA,South Africa,elite proxy,no,yes,13 minutes ago
125.26.99.241,54894,TH,Thailand,elite proxy,no,yes,13 minutes ago
170.82.231.26,49794,BR,Brazil,elite proxy,no,yes,13 minutes ago
93.126.61.17,35637,IR,Iran,elite proxy,no,yes,13 minutes ago
103.43.43.48,41501,IN,India,elite proxy,no,yes,13 minutes ago
143.137.220.46,33662,BR,Brazil,elite proxy,no,yes,13 minutes ago
197.234.35.82,53281,NG,Nigeria,elite proxy,no,no,13 minutes ago
190.147.137.66,43234,CO,Colombia,elite proxy,no,yes,13 minutes ago
36.67.68.21,40054,ID,Indonesia,elite proxy,no,no,13 minutes ago
176.106.241.79,8080,RU,Russian Federation,elite proxy,no,yes,13 minutes ago
103.216.82.196,51701,IN,India,elite proxy,no,yes,13 minutes ago
84.124.28.56,52775,ES,Spain,elite proxy,no,yes,13 minutes ago
36.85.68.238,3128,ID,Indonesia,elite proxy,no,yes,13 minutes ago
41.50.83.160,49567,ZA,South Africa,elite proxy,no,yes,13 minutes ago
154.84.246.252,8929,US,United States,elite proxy,no,yes,13 minutes ago
103.81.104.10,52650,BD,Bangladesh,elite proxy,no,yes,13 minutes ago
197.211.209.78,36543,ZW,Zimbabwe,elite proxy,no,yes,13 minutes ago
14.225.5.113,3128,VN,Vietnam,elite proxy,no,yes,13 minutes ago
110.50.85.154,80,ID,Indonesia,elite proxy,no,yes,13 minutes ago
203.128.79.18,44157,ID,Indonesia,elite proxy,no,yes,13 minutes ago
83.169.208.183,59367,RU,Russian Federation,elite proxy,no,yes,13 minutes ago
46.33.253.29,33479,UA,Ukraine,elite proxy,no,yes,13 minutes ago
124.41.211.251,36205,NP,Nepal,elite proxy,no,yes,13 minutes ago
80.240.62.34,30320,RU,Russian Federation,transparent,no,no,20 minutes ago
78.186.237.112,53281,TR,Turkey,elite proxy,no,yes,21 minutes ago
151.253.92.172,8080,AE,United Arab Emirates,elite proxy,no,yes,21 minutes ago
202.70.82.253,23500,NP,Nepal,elite proxy,no,yes,21 minutes ago
36.89.191.73,23500,ID,Indonesia,elite proxy,no,yes,21 minutes ago
1.20.100.133,46755,TH,Thailand,elite proxy,no,yes,21 minutes ago
36.92.108.150,3128,ID,Indonesia,elite proxy,no,yes,21 minutes ago
109.60.154.31,54051,RU,Russian Federation,elite proxy,no,yes,21 minutes ago
90.178.25.224,60737,CZ,Czech Republic,elite proxy,no,yes,21 minutes ago
119.82.253.24,44060,KH,Cambodia,elite proxy,no,yes,21 minutes ago
217.145.199.45,30979,SK,Slovakia,elite proxy,no,yes,21 minutes ago
36.90.208.50,58912,ID,Indonesia,elite proxy,no,no,21 minutes ago
191.103.254.125,51869,CO,Colombia,elite proxy,no,yes,21 minutes ago
194.114.128.149,61213,RU,Russian Federation,elite proxy,no,no,21 minutes ago
113.160.206.37,45424,VN,Vietnam,elite proxy,no,yes,21 minutes ago
45.71.80.2,54896,BR,Brazil,elite proxy,no,yes,21 minutes ago
88.247.9.171,37647,TR,Turkey,elite proxy,no,yes,21 minutes ago
181.129.52.154,57560,CO,Colombia,elite proxy,no,yes,21 minutes ago
176.121.48.48,61798,RU,Russian Federation,elite proxy,no,yes,21 minutes ago
160.19.246.58,51705,BR,Brazil,elite proxy,no,no,21 minutes ago
103.12.161.196,44318,KH,Cambodia,elite proxy,no,yes,21 minutes ago
177.184.82.130,47012,BR,Brazil,elite proxy,no,yes,21 minutes ago
193.68.200.227,53658,BG,Bulgaria,elite proxy,no,yes,21 minutes ago
13.66.208.202,80,US,United States,elite proxy,no,no,21 minutes ago
124.41.240.205,55941,NP,Nepal,elite proxy,no,yes,21 minutes ago
93.116.57.4,54838,MD,"Moldova, Republic of",elite proxy,no,yes,21 minutes ago
175.100.103.132,8080,KH,Cambodia,elite proxy,no,yes,21 minutes ago
173.192.128.238,8123,US,United States,elite proxy,no,no,21 minutes ago
151.253.158.20,8080,AE,United Arab Emirates,elite proxy,no,yes,21 minutes ago
101.255.64.246,32663,ID,Indonesia,elite proxy,no,no,21 minutes ago
41.190.95.20,56167,MW,Malawi,elite proxy,no,no,21 minutes ago
200.69.78.91,63141,CO,Colombia,elite proxy,no,yes,21 minutes ago
51.158.79.163,3128,FR,France,elite proxy,no,no,21 minutes ago
118.173.232.215,43186,TH,Thailand,elite proxy,no,yes,21 minutes ago
115.127.23.165,31066,BD,Bangladesh,elite proxy,no,yes,21 minutes ago
45.115.176.40,32659,IN,India,elite proxy,no,no,21 minutes ago
200.89.178.186,80,AR,Argentina,anonymous,no,yes,21 minutes ago
138.201.223.250,31288,DE,Germany,anonymous,no,yes,21 minutes ago
200.27.110.28,30447,CL,Chile,elite proxy,no,yes,21 minutes ago
5.2.164.205,50682,RO,Romania,elite proxy,no,yes,23 minutes ago
180.246.205.208,57648,ID,Indonesia,elite proxy,no,yes,23 minutes ago
173.46.67.172,58517,US,United States,elite proxy,no,yes,23 minutes ago
103.250.153.211,37353,IN,India,anonymous,no,yes,23 minutes ago
181.143.157.242,50942,CO,Colombia,anonymous,no,yes,23 minutes ago
190.186.89.150,35759,BO,Bolivia,elite proxy,no,yes,23 minutes ago
114.199.110.58,47428,ID,Indonesia,elite proxy,no,yes,23 minutes ago
105.112.83.35,55102,NG,Nigeria,elite proxy,no,yes,23 minutes ago
213.6.87.158,53879,PS,Palestinian Territory,elite proxy,no,yes,23 minutes ago
43.245.202.120,46951,KH,Cambodia,elite proxy,no,yes,23 minutes ago
37.111.42.210,8080,MM,Myanmar,elite proxy,no,yes,23 minutes ago
103.72.216.194,38345,IN,India,elite proxy,no,yes,23 minutes ago
118.97.145.187,53281,ID,Indonesia,elite proxy,no,yes,23 minutes ago
200.150.86.138,44677,BR,Brazil,elite proxy,no,yes,23 minutes ago
41.170.4.10,53281,ZA,South Africa,anonymous,no,yes,23 minutes ago
103.142.68.38,8080,BD,Bangladesh,anonymous,no,yes,23 minutes ago
182.253.115.66,57733,ID,Indonesia,elite proxy,no,yes,23 minutes ago
186.42.252.46,37519,EC,Ecuador,elite proxy,no,yes,23 minutes ago
65.152.119.226,35090,US,United States,elite proxy,no,yes,23 minutes ago
181.171.91.82,54790,AR,Argentina,anonymous,no,yes,23 minutes ago
87.247.3.234,57661,KZ,Kazakhstan,elite proxy,no,yes,23 minutes ago
197.242.206.64,40727,ZA,South Africa,elite proxy,no,yes,23 minutes ago
185.237.80.195,42144,TR,Turkey,elite proxy,no,yes,23 minutes ago
213.171.45.178,36697,RU,Russian Federation,elite proxy,no,yes,23 minutes ago
82.147.120.8,45749,RU,Russian Federation,anonymous,no,yes,23 minutes ago
109.248.62.207,43311,CZ,Czech Republic,elite proxy,no,yes,24 minutes ago
1.215.70.130,44072,KR,Korea,elite proxy,no,yes,24 minutes ago
202.166.193.101,80,NP,Nepal,elite proxy,no,no,24 minutes ago
170.210.236.1,57805,AR,Argentina,elite proxy,no,yes,24 minutes ago
80.28.243.202,48606,ES,Spain,elite proxy,no,yes,24 minutes ago
103.22.248.59,43255,ID,Indonesia,elite proxy,no,yes,24 minutes ago
105.29.85.19,51130,ZA,South Africa,elite proxy,no,yes,24 minutes ago
185.168.41.179,80,HR,Croatia,anonymous,no,no,24 minutes ago
196.2.15.96,59055,BI,Burundi,elite proxy,no,yes,24 minutes ago
200.85.169.18,33069,NI,Nicaragua,elite proxy,no,yes,24 minutes ago
200.89.178.64,3128,AR,Argentina,anonymous,no,no,24 minutes ago
200.89.178.67,8080,AR,Argentina,anonymous,no,no,24 minutes ago
103.129.195.48,45736,IN,India,elite proxy,no,yes,24 minutes ago
117.196.238.44,47518,IN,India,elite proxy,no,yes,24 minutes ago
181.65.176.68,8080,PE,Peru,elite proxy,no,yes,24 minutes ago
186.179.97.210,8181,CO,Colombia,elite proxy,no,yes,24 minutes ago
194.58.40.131,8888,RU,Russian Federation,anonymous,no,no,24 minutes ago
123.243.160.30,80,AU,Australia,anonymous,no,no,24 minutes ago
118.174.220.130,41419,TH,Thailand,elite proxy,no,yes,24 minutes ago
201.234.178.218,80,CO,Colombia,anonymous,no,no,24 minutes ago
178.219.175.128,45846,UA,Ukraine,elite proxy,no,yes,24 minutes ago
171.6.147.119,8213,TH,Thailand,transparent,no,no,27 minutes ago
113.53.255.222,8080,TH,Thailand,elite proxy,no,no,30 minutes ago
91.206.210.54,41659,PL,Poland,elite proxy,no,yes,30 minutes ago
139.59.109.156,3128,SG,Singapore,anonymous,no,no,30 minutes ago
62.159.156.142,80,DE,Germany,anonymous,no,no,30 minutes ago
207.154.231.217,3128,DE,Germany,anonymous,no,no,30 minutes ago
47.75.11.94,8080,HK,Hong Kong,anonymous,no,no,30 minutes ago
198.199.120.102,3128,US,United States,anonymous,no,no,30 minutes ago
41.164.247.186,53281,ZA,South Africa,elite proxy,no,no,30 minutes ago
83.2.189.66,38011,PL,Poland,elite proxy,no,yes,30 minutes ago
188.166.83.17,3128,NL,Netherlands,anonymous,no,no,30 minutes ago
46.63.71.13,8080,UA,Ukraine,elite proxy,no,no,30 minutes ago
188.166.83.13,3128,NL,Netherlands,anonymous,no,no,30 minutes ago
188.43.52.166,47362,RU,Russian Federation,elite proxy,no,yes,30 minutes ago
138.197.157.32,8080,CA,Canada,anonymous,no,no,30 minutes ago
